{
  "version": 1,
  "author": "anonimo",
  "editor": "wokwi",
  "parts": [
    { "type": "wokwi-arduino-uno", "id": "uno", "top": -105, "left": -163.8, "attrs": {} },
    {
      "type": "wokwi-ds1307",
      "id": "rtc1",
      "top": -225.5,
      "left": -70,
      "rotate": 270,
      "attrs": {}
    },
    {
      "type": "wokwi-lcd1602",
      "id": "lcd1",
      "top": -407,
      "left": 38.6,
      "attrs": { "pins": "i2c" }
    },
    {
      "type": "wokwi-photoresistor-sensor",
      "id": "ldr1",
      "top": -153.9,
      "left": 311.3,
      "rotate": 90,
      "attrs": {}
    }
  ],
  "connections": [
    [ "ldr1:AO", "uno:A0", "#8f4814", [ "v220.8", "h-406.3" ] ],
    [ "rtc1:SDA", "uno:A4", "cyan", [ "v19.2", "h182.1", "v211.3" ] ],
    [ "lcd1:SDA", "uno:A4", "green", [ "v-28", "h-253.8", "v528", "h297.6", "v-57.6", "h-4.2" ] ],
    [ "lcd1:SCL", "uno:A5", "green", [ "h-282.6", "v452.1", "h331.7" ] ],
    [ "rtc1:SCL", "uno:A5", "cyan", [ "v9.6", "h220.6", "v240", "h-109.9" ] ],
    [ "lcd1:VCC", "uno:5V", "red", [ "v0.7", "h-263.4", "v497.8", "h134.4", "v-37", "h82.6" ] ],
    [ "rtc1:5V", "uno:5V", "red", [ "h268.4", "v182.4", "h-76.8", "v-9.6", "h-157.4" ] ],
    [ "ldr1:VCC", "uno:5V", "red", [ "v259.2", "h-412.8", "v0", "h-3.8" ] ],
    [ "rtc1:GND", "uno:GND.1", "black", [ "v0" ] ],
    [ "lcd1:GND", "uno:GND.2", "black", [ "h-244.2", "v499.8", "h207.3" ] ],
    [ "ldr1:GND", "uno:GND.3", "black", [ "v230.4", "h-454.8" ] ]
  ],
  "dependencies": {}
}